objid,ra,dec,u,g,r,i,z,specobjid,class,redshift,color
1.23765E+18,183.5313257,0.08969303,19.47406,17.0424,15.94699,15.50342,15.22531,3.72236E+18,STAR,-8.96E-06,yellow
1.23765E+18,183.5983705,0.135285032,18.6628,17.21449,16.67637,16.48922,16.3915,3.63814E+17,STAR,-5.49E-05,yellow
1.23765E+18,183.6802074,0.126185092,19.38298,18.19169,17.47428,17.08732,16.80125,3.23274E+17,GALAXY,0.1231112,red
1.23765E+18,183.8705294,0.049910685,17.76536,16.60272,16.16116,15.98233,15.90438,3.72237E+18,STAR,-0.000110616,yellow
1.23765E+18,183.8832883,0.102556752,17.55025,16.26342,16.43869,16.55492,16.61326,3.72237E+18,STAR,0.000590357,yellow
1.23765E+18,183.8471736,0.173694164,19.43133,18.46779,18.16451,18.01475,18.04155,3.64955E+17,STAR,0.000314603,yellow
1.23765E+18,183.864379,0.019200711,19.38322,17.88995,17.10537,16.66393,16.36955,3.23287E+17,GALAXY,0.1002423,red
1.23765E+18,183.9000814,0.187473297,18.97993,17.84496,17.38022,17.20673,17.07071,3.72237E+18,STAR,0.000314848,yellow
1.23765E+18,183.9245885,0.097245782,17.90616,16.97172,16.67541,16.53776,16.47596,3.63829E+17,STAR,8.91E-05,yellow
1.23765E+18,183.9734977,0.081625582,18.67249,17.71375,17.49362,17.28284,17.22644,3.24369E+17,GALAXY,0.04050813,red
1.23765E+18,183.9791945,0.135997822,19.29772,17.80227,17.18266,16.92335,16.79928,3.72236E+18,STAR,-3.46E-05,yellow
1.23765E+18,184.0853311,0.112110022,18.83307,17.51785,16.94273,16.71418,16.60521,3.72238E+18,STAR,0.000622774,yellow
1.23765E+18,184.1020979,0.191510916,19.5625,18.19113,17.65759,17.47573,17.39203,3.72237E+18,STAR,5.47E-05,yellow
1.23765E+18,184.1605102,0.075645313,19.5799,17.72815,16.9874,16.68076,16.50426,3.72238E+18,STAR,8.3E-06,yellow
1.23765E+18,184.1895738,0.099482468,19.25667,17.54869,16.63578,16.14922,15.76639,3.24366E+17,GALAXY,0.07208736,red
1.23765E+18,184.3506466,0.207229523,18.73832,18.60962,18.39696,18.31174,17.97663,3.23295E+17,QSO,0.2719369,none
1.23765E+18,184.2217972,0.046955181,19.05958,18.09512,17.92766,17.8927,17.90772,3.64801E+17,STAR,0.000209974,yellow
1.23765E+18,184.3888696,0.068287428,19.04397,17.51106,16.87335,16.61114,16.48303,3.63838E+17,STAR,0.000240098,yellow
1.23765E+18,184.3809191,0.17432277,17.81661,16.86976,16.53884,16.19576,16.08668,3.23307E+17,GALAXY,0.07277206,red
1.23765E+18,184.5694109,0.137091485,17.51339,16.41793,16.06695,15.93751,15.89478,3.24377E+17,STAR,-3.55E-05,yellow
1.23765E+18,184.6541703,0.122673446,19.07731,18.64518,18.49678,18.52677,18.45765,3.24375E+17,QSO,0.9251733,none
1.23765E+18,184.6587955,0.159935507,18.63032,17.23437,16.72749,16.51772,16.44039,2.88015E+18,STAR,4.31E-06,yellow
1.23765E+18,184.5168342,0.145549586,19.21684,18.29956,18.19589,18.14758,18.26658,3.72239E+18,STAR,8.8E-05,yellow
1.23765E+18,184.6185631,0.080576269,19.4127,17.47109,16.4987,16.06502,15.66848,3.24379E+17,GALAXY,0.1167829,red
1.23765E+18,184.6274079,0.013234086,18.48543,17.339,16.90179,16.66712,16.48684,3.23308E+17,GALAXY,0.02129653,red
1.23765E+18,184.6767619,0.059441869,17.72835,16.19783,15.66073,15.51586,15.43615,2.88015E+18,STAR,0.000175365,yellow
1.23765E+18,184.7119696,0.066571901,17.70824,16.61069,16.19772,16.0625,16.00229,3.7224E+18,STAR,0.00017238,yellow
1.23765E+18,184.7702039,0.19801005,18.18974,17.23738,16.89113,16.75727,16.71052,2.88015E+18,STAR,0.000519808,yellow
1.23765E+18,184.7826977,0.140979369,19.0764,17.78953,16.98818,16.60519,16.27859,3.24389E+17,GALAXY,0.1169446,red
1.23765E+18,184.7651553,0.080985794,19.18013,18.07133,17.71771,17.48797,17.55667,3.24389E+17,GALAXY,0.06807999,red
1.23765E+18,184.8635981,0.143469363,18.38848,17.00188,16.37884,16.16978,16.0124,2.88015E+18,STAR,0.000135947,yellow
1.23765E+18,184.8641903,0.143441662,17.93407,16.64581,16.22206,16.07029,16.06046,2.89142E+18,STAR,0.000158087,yellow
1.23765E+18,184.8755286,0.033060812,19.03059,18.10673,17.82561,17.71227,17.6878,2.88015E+18,STAR,-0.000167378,yellow
1.23765E+18,184.8763144,0.185151372,18.12978,17.17421,16.75108,16.5884,16.48527,2.88016E+18,STAR,0.000692428,yellow
1.23765E+18,184.9569855,0.156360267,18.15079,16.77761,16.2215,16.02345,15.91957,2.88016E+18,STAR,0.000304361,yellow
1.23765E+18,184.8321997,0.044306547,19.52092,17.58562,16.4269,15.94473,15.56269,3.24391E+17,GALAXY,0.1506381,red
1.23765E+18,184.9722153,0.097754241,18.90592,17.46608,16.85369,16.58687,16.41878,2.88016E+18,STAR,0.00057828,yellow
1.23765E+18,184.9942751,0.109160933,17.7019,16.76073,16.48746,16.38173,16.33654,2.88016E+18,STAR,0.000704736,yellow
1.23765E+18,185.0859131,0.099953851,18.33616,17.30684,16.92903,16.78272,16.73807,2.88016E+18,STAR,7.61E-05,yellow
1.23765E+18,185.0273854,0.095346099,19.1713,18.01316,17.42493,17.04493,16.82237,3.24396E+17,GALAXY,0.1183854,red
1.23765E+18,185.0363883,0.17667755,19.12083,17.92189,17.18494,16.7895,16.52258,3.244E+17,GALAXY,0.1575296,red
1.23765E+18,185.2170514,0.155193816,18.89707,18.04519,17.7501,17.6378,17.6124,2.88017E+18,STAR,0.000250291,yellow
1.23765E+18,185.1367288,0.071514063,19.48347,17.51522,16.31651,15.83499,15.4368,3.24397E+17,GALAXY,0.1585163,red
1.23765E+18,185.2306077,0.010099581,19.31764,18.38629,18.12009,17.9998,17.93916,2.89139E+18,STAR,0.000576704,yellow
1.23765E+18,185.3772509,0.200803727,17.964,16.39632,15.74191,15.4828,15.32453,2.88017E+18,STAR,0.000349798,yellow
1.23765E+18,159.7978416,-0.557196466,19.19752,18.07471,17.76889,17.6148,17.49577,3.0856E+17,GALAXY,0.02335118,red
1.23765E+18,159.8033022,-0.535038616,19.26627,18.16093,17.59907,17.2172,17.06311,3.08557E+17,GALAXY,0.1236402,red
1.23765E+18,159.8475235,-0.5342664,19.38251,17.92302,17.11018,16.66492,16.34558,3.08548E+17,GALAXY,0.1141676,red
1.23765E+18,159.9393455,-0.609184323,19.48702,18.51823,18.18637,18.06704,18.05865,4.3156E+18,STAR,0.000790241,yellow
1.23765E+18,160.0342636,-0.421625751,19.2634,17.67693,16.82551,16.42307,16.13864,3.08551E+17,GALAXY,0.1330486,red
1.23765E+18,160.0351619,-0.599992669,19.31866,18.27407,17.74884,17.41618,17.24165,3.08547E+17,GALAXY,0.07470067,red
1.23765E+18,160.1442091,-0.489329778,18.73682,17.65075,17.23958,17.07875,17.03255,3.08542E+17,STAR,0.000106767,yellow
1.23765E+18,160.119405,-0.61813005,19.29416,17.97134,17.26079,16.86013,16.56031,3.08541E+17,GALAXY,0.08692535,red
1.23765E+18,160.2275468,-0.433199867,19.48611,17.93822,17.21548,16.82853,16.53911,3.09705E+17,GALAXY,0.1335348,red
1.23765E+18,160.2486687,-0.579992361,19.31804,17.30973,16.17525,15.69015,15.31261,3.09702E+17,GALAXY,0.1370104,red
1.23765E+18,160.3831151,-0.459235231,19.29157,17.3125,16.17862,15.70898,15.31378,3.09709E+17,GALAXY,0.1373722,red
1.23765E+18,160.3848058,-0.586704796,19.52565,19.29625,18.95885,18.52108,18.57694,3.097E+17,QSO,0.1346428,none
1.23765E+18,160.4339517,-0.608481498,19.38467,18.59734,18.12431,17.74761,17.63823,3.09705E+17,GALAXY,0.1321922,red
1.23765E+18,160.4436424,-0.600549712,18.27173,17.0717,16.65145,16.39055,16.27766,3.08536E+17,GALAXY,0.03641907,red
1.23765E+18,160.4534919,-0.617038417,19.10892,17.76311,16.91794,16.47233,16.19134,3.08539E+17,GALAXY,0.1383506,red
1.23765E+18,160.6582067,-0.439603952,17.78707,16.12342,15.48934,15.2674,15.14027,2.88126E+18,STAR,0.000149526,yellow
1.23765E+18,160.6754542,-0.559791088,17.54073,15.83706,15.15225,14.91498,14.82364,2.88127E+18,STAR,0.000236645,yellow
1.23765E+18,160.7170039,-0.609533502,18.44119,17.54684,17.27727,17.1878,17.20361,2.88126E+18,STAR,-0.000114203,yellow
1.23765E+18,160.7303546,-0.521740212,19.13281,17.80045,17.2643,17.07242,16.98861,2.88126E+18,STAR,0.000186468,yellow
1.23765E+18,160.8121077,-0.520466085,19.42387,18.24594,18.31933,18.40867,18.52614,2.89252E+18,STAR,0.000830783,yellow
1.23765E+18,160.8166374,-0.557673714,17.95812,16.9013,16.52805,16.39926,16.37399,2.68986E+18,STAR,-7.66E-05,yellow
1.23765E+18,160.8202892,-0.52224098,16.344,14.85487,14.29812,14.12055,14.08315,2.88126E+18,STAR,-4.79E-05,yellow
1.23765E+18,160.7014882,-0.445422709,19.34314,18.12056,17.55584,17.19446,16.9961,3.09694E+17,GALAXY,0.08592108,red
1.23765E+18,160.8486802,-0.627079872,17.73398,16.84657,16.57527,16.48237,16.4738,2.88126E+18,STAR,0.000700168,yellow
1.23765E+18,160.93824,-0.423246618,17.37104,15.78487,14.98982,14.58674,14.25872,3.09695E+17,GALAXY,0.03910941,red
1.23765E+18,160.936366,-0.421334413,19.51073,18.05851,17.59638,17.33996,17.29404,3.08514E+17,GALAXY,0.03917867,red
1.23765E+18,160.8619387,-0.422734986,19.44424,18.23033,17.64066,17.2346,17.04825,3.09696E+17,GALAXY,0.1273446,red
1.23765E+18,160.878832,-0.584109529,19.11186,17.90859,17.40774,17.19731,17.05761,3.08516E+17,GALAXY,0.0190457,red
1.23765E+18,160.9913453,-0.507477148,18.6673,16.70426,15.81967,15.40313,15.06115,3.09695E+17,GALAXY,0.05955937,red
1.23765E+18,160.9953137,-0.478531394,19.04517,17.87662,17.49664,17.37287,17.33316,3.09696E+17,STAR,6.1E-05,yellow
1.23765E+18,160.9977374,-0.468998759,17.94459,16.51015,15.8354,15.40969,15.10252,3.08516E+17,GALAXY,0.06012432,red
1.23765E+18,161.0623439,-0.494714915,16.45379,15.02962,14.56318,14.40143,14.359,2.88125E+18,STAR,-4.96E-05,yellow
1.23765E+18,161.0900299,-0.612438382,19.26927,18.24939,17.96535,17.83665,17.80351,2.89251E+18,STAR,0.000899142,yellow
1.23765E+18,161.094801,-0.452049786,17.8271,16.23793,15.67866,15.49427,15.41664,2.88125E+18,STAR,-7.84E-05,yellow
1.23765E+18,161.115243,-0.575633407,17.88776,16.52607,16.03367,15.85057,15.80518,2.68985E+18,STAR,0.000107983,yellow
1.23765E+18,160.9911005,-0.561372535,19.58396,17.64963,16.73063,16.29203,15.94702,3.09692E+17,GALAXY,0.06164807,red
1.23765E+18,160.9981591,-0.588311672,18.1781,16.13568,15.28753,14.89827,14.56479,3.08504E+17,GALAXY,0.06063098,red
1.23765E+18,160.996765,-0.588244892,18.38625,16.39808,15.40492,14.88012,14.50048,3.09693E+17,GALAXY,0.06067357,red
1.23765E+18,161.0643247,-0.484587014,18.77188,17.15955,16.35564,15.94145,15.65799,3.08506E+17,GALAXY,0.0603932,red
1.23765E+18,161.1335288,-0.569857253,16.63374,15.54072,15.18744,15.06259,15.03905,2.88125E+18,STAR,0.000450099,yellow
1.23765E+18,161.1805844,-0.456397413,17.14849,15.83151,15.35753,15.18887,15.12737,2.88125E+18,STAR,0.000161562,yellow
1.23765E+18,161.2107488,-0.433373886,16.23113,15.20485,14.95443,14.8674,14.86301,2.88125E+18,STAR,-0.000111743,yellow
1.23765E+18,161.2265355,-0.470463619,18.56268,17.14623,16.5559,16.29699,16.157,2.88125E+18,STAR,0.000657249,yellow
1.23765E+18,161.1426397,-0.434574053,19.38031,18.07652,17.34212,16.86341,16.50079,3.08504E+17,GALAXY,0.08483262,red
1.23765E+18,161.1642017,-0.434453905,19.05616,17.70945,16.99192,16.54076,16.26619,3.09698E+17,GALAXY,0.08539017,red
1.23765E+18,161.1736817,-0.503545461,18.95158,17.47266,16.70008,16.29777,15.99012,3.09697E+17,GALAXY,0.1161265,red
1.23765E+18,161.0737895,-0.89274034,19.11236,17.92701,17.42347,17.0868,16.83476,3.09681E+17,GALAXY,0.03869415,red
1.23765E+18,161.0244718,-0.962380281,18.86752,17.33773,16.80683,16.55789,16.38996,3.0969E+17,GALAXY,0.02655639,red
1.23765E+18,161.1941229,-1.023623943,18.95785,18.08318,17.78178,17.65689,17.61821,2.88125E+18,STAR,0.00088935,yellow
1.23765E+18,161.238814,-0.840751357,17.80041,16.46003,15.90095,15.66963,15.53772,2.88126E+18,STAR,0.000386423,yellow
1.23765E+18,161.2480303,-0.958166789,18.76266,17.25724,16.68513,16.47563,16.38993,2.88125E+18,STAR,0.00018398,yellow
1.23765E+18,161.2734198,-0.996668901,16.82701,15.30022,14.73089,14.5436,14.44859,2.88125E+18,STAR,3.98E-05,yellow
1.23765E+18,161.3031007,-0.964276286,19.01558,17.72445,17.18152,16.97813,16.85652,2.68984E+18,STAR,0.000365554,yellow
1.23765E+18,161.3076233,-0.922529503,18.6769,17.78154,17.52458,17.42232,17.38025,2.88125E+18,STAR,0.000182587,yellow
1.23765E+18,161.3506918,-0.893119394,18.12173,16.84951,16.38322,16.20272,16.10719,2.68984E+18,STAR,0.00023867,yellow
1.23765E+18,161.4256487,-0.991083327,18.82957,17.93844,17.56125,17.39783,17.33559,2.88125E+18,STAR,0.000356511,yellow
1.23765E+18,161.4407033,-0.974533129,17.56939,16.61339,16.2723,16.13031,16.0821,2.88124E+18,STAR,0.000332482,yellow
1.23765E+18,161.4871696,-0.879257492,19.56237,17.59451,16.7141,16.29138,15.95551,3.09658E+17,GALAXY,0.08621725,red
1.23765E+18,161.5643091,-1.017804433,19.56588,18.63518,18.09855,17.7029,17.48965,3.09656E+17,GALAXY,0.06744873,red
1.23765E+18,161.5783055,-0.856035602,18.45709,17.05875,16.56312,16.35972,16.28534,2.88124E+18,STAR,0.000291299,yellow
1.23765E+18,161.6803789,-0.875843442,18.0872,16.64009,16.17627,15.98626,15.92437,2.68983E+18,STAR,6.27E-05,yellow
1.23765E+18,161.6933527,-0.923690302,18.20489,17.12961,16.79656,16.62952,16.57625,2.88124E+18,STAR,0.000995929,yellow
1.23765E+18,161.6351321,-0.855769711,19.39882,18.3913,17.85607,17.46761,17.32818,3.0966E+17,GALAXY,0.150701,red
1.23765E+18,161.7379245,-1.015841899,17.46669,16.36004,15.87807,15.65679,15.56303,2.88121E+18,STAR,0.000695604,yellow
1.23765E+18,161.7416796,-0.987110454,17.66388,18.01819,18.96769,18.32366,16.18336,4.26286E+18,STAR,5.17E-05,yellow
1.23765E+18,161.7416467,-0.846029366,17.70241,17.84848,18.15799,18.38987,18.71965,2.71236E+18,STAR,5.78E-05,yellow
1.23765E+18,161.7408913,-0.97987371,18.53678,17.96047,17.373,17.21301,17.18247,3.0966E+17,GALAXY,0.03981317,red
1.23765E+18,161.8112567,-1.020950417,19.28844,17.89368,17.29176,17.05897,16.92672,2.68981E+18,STAR,-0.000138961,yellow
1.23765E+18,161.8815501,-0.919919301,17.5803,15.91818,15.3324,15.12888,15.04031,2.68981E+18,STAR,7.93E-05,yellow
1.23765E+18,161.9354758,-0.950524205,17.58302,16.1223,15.61429,15.4367,15.37343,2.88121E+18,STAR,9.74E-05,yellow
1.23765E+18,161.8843346,-0.944497872,18.97204,17.9849,17.66618,17.43481,17.32352,3.09645E+17,GALAXY,0.05151358,red
1.23765E+18,162.047298,-0.840633793,17.07819,15.49603,14.84319,14.54306,14.38931,2.88121E+18,STAR,0.000543499,yellow
1.23765E+18,162.0813465,-0.941748913,19.43337,18.54425,18.21197,18.07626,17.99902,4.31671E+18,STAR,0.000586336,yellow
1.23765E+18,162.098584,-0.914676301,18.30903,17.08338,16.65224,16.48205,16.39475,2.88121E+18,STAR,0.000117847,yellow
1.23765E+18,162.1613267,-1.041705966,16.67229,15.52946,15.16349,15.04075,15.00277,2.8812E+18,STAR,5.17E-05,yellow
1.23765E+18,162.177631,-1.007117476,18.04392,16.98619,16.67233,16.54937,16.49476,2.6898E+18,STAR,0.000264481,yellow
1.23765E+18,162.19974,-1.01466107,18.85257,17.86745,17.55789,17.43459,17.38357,2.6898E+18,STAR,-5.87E-07,yellow
1.23765E+18,162.2248113,-0.987748767,16.86535,15.81168,15.47238,15.32898,15.27367,2.8812E+18,STAR,0.000274919,yellow
1.23765E+18,162.2042136,-0.987362487,17.80165,16.61996,16.1181,15.85237,15.64157,3.09634E+17,GALAXY,0.02614697,red
1.23765E+18,162.289475,-0.908548805,18.66761,16.83642,15.95352,15.51473,15.16474,3.10827E+17,GALAXY,0.03804233,red
1.23765E+18,162.3337182,-1.001236825,18.45831,17.09308,16.55146,16.36101,16.27274,2.8812E+18,STAR,0.00038865,yellow
1.23765E+18,162.3451997,-0.846905435,19.45426,17.49314,16.74405,16.50129,16.34002,2.6898E+18,STAR,0.000164115,yellow
1.23765E+18,162.4100525,-0.974669972,17.57672,16.30313,15.82177,15.6353,15.5685,2.8812E+18,STAR,0.000326733,yellow
1.23765E+18,162.4063775,-0.907118295,18.41814,17.17549,16.63656,16.31784,16.1021,3.10826E+17,GALAXY,0.03836371,red
1.23765E+18,162.4924287,-1.037511669,19.16261,17.45277,16.81324,16.56124,16.44654,2.68979E+18,STAR,7.82E-05,yellow
1.23765E+18,162.588828,-0.87201293,17.37496,16.06552,15.63478,15.48339,15.42321,2.68979E+18,STAR,5.26E-05,yellow
1.23765E+18,162.5862969,-0.873837222,18.81535,16.69037,15.70883,15.31833,14.85697,3.10831E+17,GALAXY,0.1074627,red
1.23765E+18,162.5985101,-0.990873937,18.02848,16.65369,16.06824,15.82721,15.70943,2.68979E+18,STAR,-3.76E-05,yellow
1.23765E+18,162.6110238,-0.890844709,17.33813,15.96866,15.49672,15.33282,15.27834,2.68979E+18,STAR,-4.71E-05,yellow
1.23765E+18,162.5471497,-1.002056509,19.48367,18.1998,17.55522,17.15322,16.93752,3.09624E+17,GALAXY,0.1045614,red
1.23765E+18,162.6673956,-0.900916547,16.52364,15.40187,15.08259,14.97577,14.95088,2.88119E+18,STAR,0.000263051,yellow
1.23765E+18,218.7291721,0.458112049,16.97457,15.7859,15.32505,15.16091,15.08877,3.45759E+17,STAR,-5.7E-06,yellow
1.23765E+18,218.8321711,0.47572999,16.75927,15.62012,15.041,14.71669,14.44965,3.4469E+17,GALAXY,0.02956719,red
1.23765E+18,219.083277,0.576226173,18.70255,17.71797,17.34371,17.17482,17.1185,3.44697E+17,STAR,2.47E-05,yellow
1.23765E+18,219.1969133,0.627944731,19.54733,18.17471,17.46927,17.09822,16.84518,3.45768E+17,GALAXY,0.1097059,red
1.23765E+18,219.1376572,0.432899037,19.20287,16.59277,15.70658,15.25103,14.89744,3.45768E+17,GALAXY,0.07221484,red
1.23765E+18,219.2504009,0.564754111,19.07784,18.06951,17.70663,17.49811,17.31405,6.0354E+17,GALAXY,0.03472417,red
1.23765E+18,219.5617663,0.547663882,19.06822,17.80601,17.33803,17.16516,17.09147,3.45778E+17,STAR,-2.66E-05,yellow
1.23765E+18,219.582247,0.595887057,17.89559,16.71264,16.2921,16.1399,16.07841,3.45778E+17,STAR,7.05E-05,yellow
1.23765E+18,219.7797727,0.508632556,17.27438,16.14879,15.72019,15.48375,15.35073,3.45785E+17,GALAXY,0.03325611,red
1.23765E+18,219.9387246,0.531203465,18.9146,17.67455,16.96098,16.57482,16.29057,3.45791E+17,GALAXY,0.116515,red
1.23765E+18,220.1224112,0.584089432,16.93221,15.56652,14.92086,14.58185,14.3252,3.458E+17,GALAXY,0.03717615,red
1.23765E+18,220.1776293,0.606597158,18.73475,17.79811,17.46425,17.34566,17.29465,4.52852E+18,STAR,0.000255278,yellow
1.23765E+18,220.1815105,0.464743603,19.5796,17.68983,16.74287,16.33313,16.0111,3.45811E+17,GALAXY,0.1092154,red
1.23765E+18,220.2475691,0.561580939,19.33625,17.34765,16.35417,15.91167,15.58279,3.45813E+17,GALAXY,0.1087394,red
1.23765E+18,220.5992691,0.61894204,18.37159,16.28451,15.44592,15.16673,15.01227,3.46868E+17,STAR,-7.05E-05,yellow
1.23765E+18,220.6831889,0.598384718,19.28787,17.52747,16.75908,16.41961,16.23461,3.30349E+18,STAR,-4.11E-06,yellow
1.23765E+18,220.6841228,0.454116001,18.44022,18.02603,17.97474,18.0135,18.12117,3.30348E+18,STAR,-5.16E-05,yellow
1.23765E+18,220.7243306,0.502230386,18.72794,17.20167,16.65129,16.43697,16.32,3.27534E+18,STAR,-0.000133688,yellow
1.23765E+18,220.8054143,0.589285246,19.57003,17.3458,16.40484,16.05693,15.8713,3.30348E+18,STAR,-0.00015097,yellow
1.23765E+18,220.8102039,0.632124422,19.49442,17.99958,17.41921,17.21484,17.10793,3.27533E+18,STAR,-0.000134868,yellow
1.23765E+18,220.9195257,0.513809061,19.03802,17.42171,16.71644,16.41698,16.23746,3.3035E+18,STAR,7.8E-05,yellow
1.23765E+18,221.0417383,0.564546475,18.7746,17.64604,17.22892,17.07624,17.01672,3.45823E+17,STAR,4.98E-05,yellow
1.23765E+18,221.0641256,0.587618415,17.98792,16.4793,15.89139,15.68964,15.57897,3.27534E+18,STAR,-9.23E-05,yellow
1.23765E+18,221.1327369,0.436973652,18.21947,16.94176,16.4855,16.34868,16.28067,3.30351E+18,STAR,9.98E-05,yellow
1.23765E+18,221.1528564,0.451438122,18.72254,17.38212,16.82234,16.65747,16.55055,3.27535E+18,STAR,-1E-05,yellow
1.23765E+18,221.1632802,0.483958452,17.88442,16.96119,16.64287,16.53269,16.48384,3.30351E+18,STAR,3.19E-05,yellow
1.23765E+18,221.2637264,0.526978719,17.00244,15.55892,14.93361,14.58515,14.32871,3.46905E+17,GALAXY,0.02873155,red
1.23765E+18,221.2678582,0.436562846,19.51547,18.58734,18.33786,18.23523,18.24343,3.30351E+18,STAR,0.000255486,yellow
1.23765E+18,221.2777376,0.49473218,19.25605,18.11174,17.34868,16.93481,16.68558,3.46906E+17,GALAXY,0.1098084,red
1.23765E+18,221.3649932,0.454014692,17.52671,16.10266,15.5727,15.35048,15.24569,3.27536E+18,STAR,0.000836224,yellow
1.23765E+18,221.4417135,0.581083659,18.04508,16.81564,16.39389,16.24002,16.18995,3.27535E+18,STAR,0.000249663,yellow
1.23765E+18,221.4984006,0.597512281,17.43719,16.50009,16.13932,16.01473,15.95873,3.27536E+18,STAR,0.000166582,yellow
1.23765E+18,221.5338532,0.623223399,16.26559,15.31763,15.03526,14.92372,14.86764,3.27536E+18,STAR,0.000397916,yellow
1.23765E+18,221.5958569,0.480183884,19.23104,18.20884,17.89136,17.78259,17.75736,3.30352E+18,STAR,0.000249086,yellow
1.23765E+18,221.5173497,0.501690543,19.33756,17.0609,16.05876,15.67662,15.44594,3.30352E+18,STAR,2.57E-05,yellow
1.23765E+18,221.6858026,0.541573251,18.76614,17.47334,16.93288,16.72206,16.60205,3.30352E+18,STAR,-9.47E-05,yellow
1.23765E+18,121.8207518,0.93199037,19.37035,17.34262,16.35286,15.924,15.58903,5.34266E+18,GALAXY,0.1019929,red
1.23765E+18,122.0878999,0.843146891,19.05249,17.03777,16.07633,15.63148,15.31245,5.3424E+18,GALAXY,0.1015328,red
1.23765E+18,122.8639945,0.896150822,18.20631,16.89692,16.46658,16.31574,16.28902,2.31607E+18,STAR,0.00048813,yellow
1.23765E+18,122.9819452,0.96385693,17.63113,16.55926,16.24861,16.14775,16.13221,2.33858E+18,STAR,0.000132041,yellow
1.23765E+18,122.988638,0.973742938,15.99172,14.98865,14.70003,14.64919,14.50626,2.31607E+18,STAR,9.27E-05,yellow
1.23765E+18,122.9356354,0.899085529,19.37706,18.44093,18.24528,18.19469,18.17668,2.33858E+18,STAR,0.000452989,yellow
1.23765E+18,123.0393857,0.930070447,16.73877,15.68268,15.43654,15.38572,15.40208,2.31607E+18,STAR,0.000128369,yellow
1.23765E+18,123.0202645,0.911874556,16.37119,15.28426,15.05225,14.98734,15.0114,2.31607E+18,STAR,5.72E-05,yellow
1.23765E+18,123.0165354,0.848145359,19.52481,18.21796,17.68045,17.46177,17.37293,2.31607E+18,STAR,1.72E-05,yellow
1.23765E+18,123.2678952,0.960993455,16.63293,15.27509,14.61367,14.50841,14.27292,2.31609E+18,STAR,-5.54E-05,yellow
1.23765E+18,123.3488072,0.922523639,16.14538,15.07947,14.84144,14.77282,14.78681,2.31608E+18,STAR,0.000239212,yellow
1.23765E+18,123.4261304,0.881883846,17.84565,16.82412,16.49827,16.38742,16.35545,2.31608E+18,STAR,0.000146998,yellow
1.23765E+18,123.5879603,0.919738666,17.75484,16.59773,16.53687,16.56253,16.61154,2.31608E+18,STAR,-7.06E-06,yellow
1.23765E+18,123.5452677,0.931392114,19.3623,18.1918,17.81977,17.69313,17.61249,1.29381E+18,STAR,0.000235469,yellow
1.23765E+18,123.6127771,0.948787095,18.97095,17.07911,16.13754,15.65789,15.34548,5.39105E+18,GALAXY,0.06836422,red
1.23765E+18,123.6735605,0.861348537,16.48326,15.04494,15.04021,14.29518,14.18345,2.3161E+18,STAR,0.000224322,yellow
1.23765E+18,123.7430415,1.006398633,18.98689,17.09758,16.18773,15.7323,15.46169,5.39105E+18,GALAXY,0.09046602,red
1.23765E+18,110.0700392,1.218734691,19.42591,18.42443,18.00135,17.79079,17.70945,8.38815E+18,STAR,0.000104138,yellow
1.23765E+18,110.2464537,1.364871806,18.58476,17.2945,16.42206,16.27426,15.89856,8.38817E+18,STAR,0.000391139,yellow
1.23765E+18,110.2753731,1.407069681,19.44881,17.06147,16.09691,15.75754,15.58153,8.38817E+18,STAR,0.000127138,yellow
1.23765E+18,110.2730305,1.424806619,19.58554,17.76914,16.91808,16.55439,16.34465,8.38817E+18,STAR,9.15E-05,yellow
1.23765E+18,110.4555313,1.254180245,19.58684,17.73149,16.96642,16.67645,16.4914,8.38818E+18,STAR,0.00034609,yellow
1.23765E+18,110.4698503,1.228434849,19.42571,17.78678,17.11364,16.85967,16.67854,8.38818E+18,STAR,0.000182417,yellow
1.23765E+18,110.7306996,1.289661343,18.36269,16.79013,16.16286,15.91035,15.78032,8.38821E+18,STAR,0.000170339,yellow
1.23765E+18,119.8221026,1.324423012,19.11461,17.11108,16.35578,16.07985,15.94747,8.38927E+18,STAR,0.000258839,yellow
1.23765E+18,119.9972972,1.295618869,19.25602,17.7522,17.28004,17.11725,17.12696,8.38929E+18,STAR,0.000270987,yellow
1.23765E+18,120.124148,1.311372513,18.68312,16.80078,16.12189,15.88605,15.78726,8.3893E+18,STAR,0.000208869,yellow
1.23765E+18,120.194987,1.339231727,19.13375,17.84091,17.37001,17.20419,17.1407,8.3893E+18,STAR,0.000275159,yellow
1.23765E+18,120.2980709,1.359265937,19.41101,17.17151,16.17792,15.78271,15.51502,8.38931E+18,STAR,0.000391232,yellow
1.23765E+18,120.5478185,1.281227451,19.17278,17.30439,16.63581,16.43598,16.35109,8.38932E+18,STAR,-6.64E-05,yellow
1.23765E+18,244.5764969,-1.255263413,19.29697,18.08211,17.20792,16.74347,16.43762,3.89598E+17,GALAXY,0.1272051,red
1.23765E+18,243.907446,0.00239456,18.71962,17.45311,16.88231,16.54723,16.2756,3.89627E+17,GALAXY,0.06540032,red
1.23765E+18,244.1023322,0.002619598,19.35342,18.11187,17.45305,17.10616,16.88711,3.89611E+17,GALAXY,0.07115377,red
1.23765E+18,243.3470265,0.424137063,19.25923,18.84224,18.85939,18.69218,18.76842,3.88598E+17,QSO,0.5894275,none
1.23765E+18,174.1644883,-0.956707465,19.57255,18.59834,18.47911,18.45792,18.60459,3.1753E+17,STAR,0.001135097,yellow
1.23765E+18,239.3606352,-0.916689727,19.23879,17.49932,16.53521,16.09223,15.76121,3.86219E+17,GALAXY,0.03969949,red
1.23765E+18,239.40207,-0.975878752,18.67422,17.42511,16.89116,16.67803,16.57392,3.86217E+17,STAR,-0.000143192,yellow
1.23765E+18,243.567524,-0.880445873,18.83577,17.25845,16.54556,16.13434,15.83491,3.88441E+17,GALAXY,0.07050942,red
1.23765E+18,243.7088761,-0.915652961,17.61482,15.69639,14.77024,14.31876,13.95353,3.89641E+17,GALAXY,0.0307668,red
1.23765E+18,244.5126642,-0.934182657,19.14963,18.00378,17.4657,17.1376,16.90036,3.89618E+17,GALAXY,0.04402394,red
1.23765E+18,244.8139448,-0.937774714,18.7809,19.0767,19.45117,19.74457,20.02123,3.89589E+17,STAR,0.000609734,yellow
1.23765E+18,245.3593715,-0.905392886,19.38219,18.20107,17.8056,17.4992,17.41172,4.09908E+17,GALAXY,0.06565089,red
1.23765E+18,245.4176593,-0.855605136,19.2266,17.27751,16.39126,15.95711,15.61498,4.09905E+17,GALAXY,0.04565,red
1.23765E+18,245.4760412,-0.85992427,19.41398,17.29078,16.33702,15.87626,15.48284,4.09909E+17,GALAXY,0.04462435,red
1.23765E+18,245.5388243,-0.872555232,19.19971,17.22391,16.29199,15.85335,15.48367,3.89565E+17,GALAXY,0.04954444,red
1.23765E+18,205.0729646,-0.682611701,18.94325,17.02095,16.06735,15.63387,15.28098,3.36702E+17,GALAXY,0.08937013,red
1.23765E+18,205.6135979,-0.65715286,18.88838,17.88406,17.42734,17.12453,16.98339,3.36686E+17,GALAXY,0.08640119,red
1.23765E+18,205.6955733,-0.694928963,19.3652,18.1399,17.65534,17.4715,17.37664,3.36675E+17,STAR,6.53E-05,yellow
1.23765E+18,205.6503963,-0.628361675,19.46207,17.81834,17.01301,16.617,16.31902,3.36672E+17,GALAXY,0.07104074,red
1.23765E+18,205.7420141,-0.765420756,18.34066,16.5023,15.64826,15.26125,14.95627,3.3666E+17,GALAXY,0.07053274,red
1.23765E+18,205.760907,-0.742003104,18.86362,17.87739,17.46657,17.17367,17.04404,3.36659E+17,GALAXY,0.06982873,red
1.23765E+18,205.8072795,-0.786819198,17.7933,16.90408,16.6164,16.30378,16.30438,3.36661E+17,GALAXY,0.08875664,red
1.23765E+18,205.9169873,-0.833501027,19.14158,17.99588,17.53081,17.2301,17.13721,3.3666E+17,GALAXY,0.1066131,red
1.23765E+18,206.0447121,-0.761242085,19.17263,18.06068,17.6305,17.33272,17.2204,3.3666E+17,GALAXY,0.08685333,red
1.23765E+18,206.1416484,-0.678727673,18.57808,17.38363,17.39016,17.42856,17.48906,3.3785E+17,STAR,0.000784398,yellow
1.23765E+18,206.3704304,-0.79829575,19.15242,17.42991,16.57173,16.15933,15.85434,3.3665E+17,GALAXY,0.08845632,red
1.23765E+18,206.3741669,-0.781673248,18.28101,17.18856,16.70175,16.33173,16.14626,3.37852E+17,GALAXY,0.08813617,red
1.23765E+18,206.5245798,-0.698895662,19.18844,18.75792,18.86976,19.02108,19.25434,3.3665E+17,STAR,5.59E-05,yellow
1.23765E+18,206.5766774,-0.801586179,19.14205,17.96772,17.45321,17.09447,16.88161,3.36648E+17,GALAXY,0.088566,red
1.23765E+18,206.6330657,-0.724304266,18.92986,17.92031,17.41597,17.12756,17.03521,3.36645E+17,GALAXY,0.1484416,red
1.23765E+18,206.7980856,-0.770183129,18.6924,17.7664,17.48753,17.38595,17.35225,4.55204E+18,STAR,0.000224824,yellow
1.23765E+18,206.8064741,-0.671287487,18.3738,16.84218,16.10014,15.71413,15.41793,3.3784E+17,GALAXY,0.04749686,red
1.23765E+18,207.1038115,-0.816326578,19.03027,17.92062,17.54537,17.40652,17.39518,3.37829E+17,STAR,-1.12E-05,yellow
1.23765E+18,207.0943716,-0.766966437,17.92943,16.42391,15.79249,15.47063,15.23182,3.3783E+17,GALAXY,0.02614107,red
1.23765E+18,207.1466367,-0.672593158,17.619,16.61343,16.47639,16.42638,16.43867,3.37826E+17,STAR,0.000308748,yellow
1.23765E+18,207.1816447,-0.72594899,16.85941,15.83554,15.77641,15.7712,15.82794,3.37829E+17,STAR,0.000129414,yellow
1.23765E+18,207.2248563,-0.782370622,16.88578,15.99562,15.6586,15.51201,15.47617,4.55203E+18,STAR,2.77E-06,yellow
1.23765E+18,207.2581291,-0.83005592,15.85837,14.6398,14.627,14.65232,14.71224,3.37806E+17,STAR,0.000106044,yellow
1.23765E+18,207.3929659,-0.684141388,18.11682,17.77947,17.87333,17.7141,17.67043,3.37808E+17,QSO,0.5148025,none
1.23765E+18,207.4450935,-0.741950842,19.47647,17.61476,16.68962,16.23929,15.87438,3.37808E+17,GALAXY,0.07854678,red
1.23765E+18,207.4502062,-0.728052903,18.14094,16.32733,15.41508,14.97462,14.65088,4.54873E+18,GALAXY,0.07823353,red
1.23765E+18,207.456735,-0.726104512,19.19459,18.31113,18.09644,17.83205,17.75919,3.37803E+17,GALAXY,0.05310636,red
1.23765E+18,207.4893691,-0.803272151,19.53265,18.15082,17.43013,17.02216,16.7586,3.37805E+17,GALAXY,0.0927506,red
1.23765E+18,207.7048473,-0.81179491,19.31942,17.36549,16.37918,15.92805,15.55104,3.37792E+17,GALAXY,0.09100784,red
1.23765E+18,207.8799425,-0.745471512,17.15698,16.04984,15.6602,15.51096,15.47703,3.37786E+17,STAR,-4.7E-05,yellow
1.23765E+18,208.2329375,-0.696097698,19.47384,18.02314,17.21636,16.78238,16.43555,3.37775E+17,GALAXY,0.1155662,red
1.23765E+18,208.6412171,-0.776612716,17.14729,15.85645,15.21062,14.84574,14.52751,4.54994E+18,GALAXY,0.02707425,red
1.23765E+18,208.6944506,-0.674094359,18.77788,17.11622,16.37415,15.98126,15.68712,3.3898E+17,GALAXY,0.03762654,red
1.23765E+18,208.6981259,-0.760115862,19.13621,17.95535,17.33129,16.9772,16.74717,3.38974E+17,GALAXY,0.1425752,red
1.23765E+18,208.737877,-0.660098784,18.90994,17.66969,16.9995,16.62222,16.35383,3.38971E+17,GALAXY,0.08791664,red
1.23765E+18,208.9381501,-0.757246504,15.62121,14.60897,14.43487,14.40072,14.45437,3.38966E+17,STAR,0.00010314,yellow
1.23765E+18,209.0907019,-0.656281418,19.23039,18.06944,17.59436,17.23812,17.09449,3.38959E+17,GALAXY,0.07908808,red
1.23765E+18,209.2886379,-0.644143632,18.81291,17.77027,17.30868,16.95996,16.8011,3.38948E+17,GALAXY,0.07006504,red
1.23765E+18,209.2936401,-0.832521517,19.0146,17.33462,16.45423,16.02605,15.67589,3.3893E+17,GALAXY,0.08909858,red
1.23765E+18,209.4291533,-0.76259171,17.80781,16.93552,16.67188,16.47706,16.3433,3.38933E+17,GALAXY,0.02961222,red
1.23765E+18,209.4867038,-0.666855747,18.23204,16.45568,15.63056,15.19764,14.8788,3.38944E+17,GALAXY,0.06956718,red
1.23765E+18,209.6880596,-0.724960989,18.49833,17.49403,17.33157,17.28345,17.28941,3.38923E+17,STAR,0.000322833,yellow
1.23765E+18,209.6752277,-0.658012832,18.92958,16.90914,15.78403,15.31554,14.93797,3.38945E+17,GALAXY,0.131564,red
1.23765E+18,209.8488453,-0.831517588,19.07301,18.11891,17.76631,17.65374,17.60394,4.54536E+18,STAR,-0.000162314,yellow
1.23765E+18,209.9513169,-0.766163443,19.15065,17.36285,16.52798,16.15387,15.80557,3.38922E+17,GALAXY,0.10632,red
1.23765E+18,185.3793616,0.086911559,18.13147,17.3532,16.93616,16.56829,16.44423,3.24409E+17,GALAXY,0.1072231,red
1.23765E+18,185.2675684,0.084620838,18.54219,17.49083,17.07087,16.71762,16.57594,3.24398E+17,GALAXY,0.1070803,red
1.23765E+18,185.2807974,0.047531708,19.53852,19.139,18.55866,18.17328,17.99881,3.24409E+17,QSO,0.1572411,none
1.23765E+18,185.4481335,0.015136137,17.89052,16.98527,16.73305,16.63174,16.61334,2.88017E+18,STAR,7.54E-05,yellow
1.23765E+18,185.4852185,0.163399564,18.71479,16.97454,16.38521,16.12513,15.90649,3.24424E+17,GALAXY,0.106216,red
1.23765E+18,185.5285092,0.082486629,18.95637,17.97179,17.80977,17.76273,17.78803,2.88018E+18,STAR,0.000359946,yellow
1.23765E+18,185.5577817,0.032905127,18.25347,17.34355,17.12577,17.02307,16.96043,2.88018E+18,STAR,0.000522862,yellow
1.23765E+18,185.7174995,0.091660892,16.41278,14.86871,14.31287,14.10415,13.98788,2.88018E+18,STAR,-0.000120691,yellow
1.23765E+18,185.7665342,0.028554011,18.97832,18.10239,17.81904,17.71502,17.695,2.88018E+18,STAR,0.000433085,yellow
1.23765E+18,185.7703275,0.198644075,18.70031,17.83492,17.57053,17.45308,17.40799,2.88018E+18,STAR,-6.92E-05,yellow
1.23765E+18,185.8555339,0.133289829,19.59163,17.81984,16.84598,16.44592,16.10031,3.2443E+17,GALAXY,0.1062806,red
1.23765E+18,185.9015378,0.145036439,16.0238,15.09469,14.80986,14.6965,14.6701,2.88018E+18,STAR,0.000477176,yellow
1.23765E+18,185.9800838,0.039155301,15.1353,13.94085,13.94638,14.00164,14.03319,2.88018E+18,STAR,0.000413841,yellow
1.23765E+18,186.0117034,0.044316373,16.37136,14.76484,14.22739,14.07195,13.9889,2.88018E+18,STAR,-7.29E-05,yellow
1.23765E+18,186.0765226,0.056070732,17.72557,16.5077,16.11247,15.97783,15.92708,2.88019E+18,STAR,4.18E-05,yellow
1.23765E+18,186.1011642,0.119306272,17.70918,16.77318,16.49644,16.38192,16.34623,2.88019E+18,STAR,0.000645126,yellow
1.23765E+18,186.1111769,0.008868983,17.79889,16.90706,16.53008,16.38745,16.30119,2.88019E+18,STAR,0.000777288,yellow
1.23765E+18,186.0158913,0.154528346,19.42352,18.08814,17.5851,17.41209,17.34603,2.88019E+18,STAR,0.000105949,yellow
1.23765E+18,186.0264298,0.117306796,19.49485,17.74386,16.93079,16.61019,16.40522,2.88019E+18,STAR,0.000220751,yellow
1.23765E+18,186.0338356,0.113212743,19.10102,17.89368,17.17626,16.78514,16.47559,3.25494E+17,GALAXY,0.1560981,red
1.23765E+18,186.0395803,0.164585909,19.08999,17.87979,17.30001,16.91738,16.72677,3.24432E+17,GALAXY,0.07909836,red
1.23765E+18,186.1138317,0.152882187,16.32657,14.79158,14.1052,13.75229,13.46165,3.24433E+17,GALAXY,0.02549985,red
1.23765E+18,186.1347569,0.052198991,19.58891,18.64184,18.49889,18.46553,18.45593,2.89136E+18,STAR,-0.000120104,yellow
1.23765E+18,186.1469047,0.129426424,19.20085,18.08511,17.69779,17.42061,17.29814,3.24431E+17,GALAXY,0.04204269,red
1.23765E+18,186.2121934,0.009597379,18.91914,18.02611,17.80632,17.71907,17.72131,2.88019E+18,STAR,0.000557983,yellow
1.23765E+18,186.2498484,0.130219088,17.6936,16.32069,15.80393,15.6132,15.53206,2.88018E+18,STAR,0.000325267,yellow
1.23765E+18,186.2572072,0.14850123,18.35066,17.41139,17.18135,17.08709,17.08965,2.88019E+18,STAR,-3.05E-05,yellow
1.23765E+18,186.2859601,0.0619333,18.0996,17.1742,16.83233,16.70185,16.66806,3.25505E+17,STAR,0.000185148,yellow
1.23765E+18,186.3574026,0.063831679,16.38773,14.9501,14.43486,14.2691,14.19747,2.88019E+18,STAR,-4.3E-05,yellow
1.23765E+18,186.3602569,0.082352935,18.9836,17.52731,16.99701,16.7796,16.66278,2.88019E+18,STAR,8.97E-05,yellow
1.23765E+18,186.4232854,0.099919905,16.91041,15.45433,14.85858,14.64869,14.53447,2.88019E+18,STAR,8.83E-05,yellow
1.23765E+18,186.57943,0.054573323,17.09046,15.47887,14.81628,14.52759,14.37151,2.88019E+18,STAR,3.88E-05,yellow
1.23765E+18,186.5990118,0.141232724,18.92344,17.86703,17.40125,17.19161,17.12352,2.8802E+18,STAR,0.000351364,yellow
1.23765E+18,186.6066405,0.20615305,18.54043,17.63641,17.35255,17.25576,17.17422,2.8802E+18,STAR,8.27E-05,yellow
1.23765E+18,186.4978786,0.065823842,19.03382,18.15575,17.95118,17.86144,17.88585,2.89146E+18,STAR,0.000480309,yellow
1.23765E+18,186.6787473,0.151634688,18.71259,16.32915,15.08869,14.58182,14.27226,2.8802E+18,STAR,-5.95E-06,yellow
1.23765E+18,186.7453887,0.103838626,18.57371,17.7188,17.39374,17.28585,17.26827,2.8802E+18,STAR,0.000180701,yellow
1.23765E+18,186.7485617,0.173245776,17.40626,15.87684,15.26237,15.03957,14.92599,2.8802E+18,STAR,-8.99E-05,yellow
1.23765E+18,186.7047151,0.185916794,19.53823,17.69941,16.98525,16.67076,16.4375,2.8802E+18,STAR,0.000759523,yellow
1.23765E+18,186.8003236,0.059674849,18.04444,16.12702,15.44266,15.23283,15.12825,2.88021E+18,STAR,4.77E-05,yellow
1.23765E+18,186.8132968,0.031704699,18.55765,16.35182,15.45455,15.0802,14.85069,2.8802E+18,STAR,8.09E-05,yellow
1.23765E+18,186.8826033,0.140064967,16.80133,15.34514,14.81955,14.64411,14.58058,2.88021E+18,STAR,-7.73E-05,yellow
1.23765E+18,186.9081124,0.145877191,17.43725,15.98773,15.43505,15.24584,15.17689,2.88021E+18,STAR,-6.67E-05,yellow
1.23765E+18,186.8641983,0.048890673,18.78979,17.4279,16.68736,16.28967,15.9906,3.25522E+17,GALAXY,0.1129216,red
1.23765E+18,161.2733832,-0.480484617,17.09137,15.98284,15.62553,15.50242,15.46309,2.71236E+18,STAR,3.34E-05,yellow
1.23765E+18,161.2911065,-0.580470302,18.86026,17.2778,16.66154,16.42111,16.29518,2.68984E+18,STAR,0.000289836,yellow
1.23765E+18,161.3114825,-0.611121142,18.91458,17.97609,17.69784,17.55495,17.49273,2.88125E+18,STAR,0.000308735,yellow
1.23765E+18,161.3272007,-0.562638536,17.00254,15.35527,14.73952,14.50755,14.40796,2.88124E+18,STAR,1.47E-05,yellow
1.23765E+18,161.397725,-0.62154885,17.17881,15.56593,14.90381,14.66557,14.54323,2.88125E+18,STAR,4.9E-05,yellow
1.23765E+18,161.4052563,-0.486109289,18.60262,17.07502,16.49357,16.32896,16.27352,2.68984E+18,STAR,4.41E-05,yellow
1.23765E+18,161.2784639,-0.463088739,19.05238,17.92345,17.28963,16.89301,16.65988,3.09684E+17,GALAXY,0.1602088,red
1.23765E+18,161.3850943,-0.491358226,19.39531,17.49907,16.76746,16.5326,16.40905,2.68984E+18,STAR,5.94E-05,yellow
1.23765E+18,161.395036,-0.425750026,18.5481,17.3771,16.71891,16.30875,16.06784,3.09673E+17,GALAXY,0.08583559,red
1.23765E+18,161.4243997,-0.431367287,18.90212,17.83956,17.45825,17.33062,17.29042,2.68984E+18,STAR,-3.29E-06,yellow
1.23765E+18,161.4802825,-0.489372713,16.50787,15.3139,14.8865,14.74076,14.70757,2.71235E+18,STAR,-4.45E-05,yellow
1.23765E+18,161.543731,-0.52396033,17.28613,16.36086,16.02538,15.89519,15.8609,2.88123E+18,STAR,7.93E-05,yellow
1.23765E+18,161.4226664,-0.519243206,18.99146,17.07726,16.12667,15.69658,15.36008,3.09674E+17,GALAXY,0.08484705,red
1.23765E+18,161.4291092,-0.593212362,19.00578,17.89613,17.37406,17.02465,16.81729,3.09682E+17,GALAXY,0.08506283,red
1.23765E+18,161.5808653,-0.541816567,17.96859,16.45618,15.87957,15.70021,15.63861,2.88123E+18,STAR,-6.33E-05,yellow
1.23765E+18,161.7050514,-0.458871115,18.14537,16.98603,16.57416,16.4543,16.40801,2.68983E+18,STAR,0.000220861,yellow
1.23765E+18,161.5826318,-0.528305814,19.03796,17.35102,16.56406,16.19586,15.90696,3.09674E+17,GALAXY,0.03836075,red
1.23765E+18,161.5988002,-0.550141164,19.55911,17.67387,16.70643,16.32966,16.03905,3.09661E+17,GALAXY,0.07696021,red
1.23765E+18,161.7257035,-0.62828994,19.151,17.45303,16.78522,16.56231,16.45795,2.88124E+18,STAR,5.11E-05,yellow
1.23765E+18,161.7358885,-0.528817419,18.76022,17.71995,17.28579,17.09315,17.00772,2.68983E+18,STAR,0.000160757,yellow
1.23765E+18,161.7465183,-0.455315161,16.73108,15.34196,14.81329,14.63843,14.56427,2.88122E+18,STAR,2.93E-05,yellow
1.23765E+18,161.7748594,-0.530884415,19.18309,18.28044,17.97188,17.91156,17.87715,4.31673E+18,STAR,0.00021777,yellow
1.23765E+18,161.7767287,-0.603295291,17.8964,16.12725,15.40752,15.12172,14.97763,2.88122E+18,STAR,0.000417742,yellow
1.23765E+18,161.7918721,-0.465260439,18.81566,17.4146,16.8651,16.67896,16.57537,2.68983E+18,STAR,5.1E-06,yellow
1.23765E+18,161.8170027,-0.559084404,18.5321,17.63211,17.32061,17.21326,17.18259,2.68983E+18,STAR,0.000431994,yellow
1.23765E+18,161.9235309,-0.446979654,19.52808,18.67979,18.39561,18.2954,18.216,2.71234E+18,STAR,0.000371594,yellow
1.23765E+18,161.9547497,-0.483262053,17.05778,16.01044,15.69783,15.58869,15.56961,2.88122E+18,STAR,8.16E-06,yellow
1.23765E+18,161.9884128,-0.455832573,15.8452,14.78328,14.48869,14.40722,14.3887,2.88122E+18,STAR,-7.6E-05,yellow
1.23765E+18,161.9479009,-0.571582908,19.24702,17.71808,17.13476,16.9424,16.85483,2.88122E+18,STAR,-7.98E-05,yellow
1.23765E+18,162.0148637,-0.516032181,19.33036,17.50834,16.78476,16.53942,16.40915,2.88122E+18,STAR,0.000115074,yellow
1.23765E+18,162.0176696,-0.57640739,18.77364,17.53109,16.97743,16.6258,16.41043,3.0965E+17,GALAXY,0.07662232,red
1.23765E+18,162.0223666,-0.497567627,16.59492,15.13649,14.59052,14.40143,14.34641,2.88122E+18,STAR,3.53E-05,yellow
1.23765E+18,162.0738924,-0.425342059,16.37205,15.43852,15.10226,14.96795,14.92506,2.88123E+18,STAR,0.000423333,yellow
1.23765E+18,162.0756395,-0.582039698,16.44267,15.35777,15.23907,15.23717,15.31003,2.88122E+18,STAR,-0.000151586,yellow
1.23765E+18,162.1164869,-0.605247906,19.23675,18.29424,18.00808,17.91335,17.88959,2.71233E+18,STAR,0.000689084,yellow
1.23765E+18,162.1289827,-0.61062082,18.37125,16.36699,15.60569,15.36293,15.25285,2.88122E+18,STAR,-3.1E-05,yellow
1.23765E+18,162.0583379,-0.466288167,19.4854,18.1999,17.6562,17.40889,17.29086,2.88122E+18,STAR,0.000578048,yellow
1.23765E+18,162.0873708,-0.590559104,19.23702,18.37381,18.06147,17.93892,17.9211,2.71233E+18,STAR,0.000937404,yellow
1.23765E+18,162.1670398,-0.525241435,18.65073,17.0002,16.17196,15.69725,15.35611,3.09661E+17,GALAXY,0.08180232,red
1.23765E+18,162.1734378,-0.466463383,19.28355,17.29447,16.52981,16.23584,16.07176,2.68982E+18,STAR,2.92E-05,yellow
1.23765E+18,162.195429,-0.541062258,19.07102,18.0139,17.51009,17.31524,17.23491,2.88122E+18,STAR,0.000755086,yellow
1.23765E+18,162.2144182,-0.479057972,18.27637,16.53353,15.7278,15.34265,15.04055,3.09651E+17,GALAXY,0.06747919,red
1.23765E+18,162.2694814,-0.528871015,18.92278,17.43406,16.85969,16.65171,16.52776,2.88122E+18,STAR,0.000465222,yellow
1.23765E+18,162.3015076,-0.51094568,19.49018,18.69087,18.40932,17.98627,17.87467,3.09655E+17,GALAXY,0.08137379,red
1.23765E+18,162.3357217,-0.562916471,16.77757,15.79099,15.65251,15.61812,15.64404,2.68981E+18,STAR,0.000652362,yellow
1.23765E+18,162.3820105,-0.433749396,17.5054,15.80306,15.14073,14.883,14.74835,2.88122E+18,STAR,8.63E-05,yellow
1.23765E+18,162.4486986,-0.594963917,16.73909,15.50358,15.00279,14.8113,14.7381,2.88121E+18,STAR,0.0009889,yellow
1.23765E+18,162.4549608,-0.573184032,19.1247,17.39795,16.75752,16.51347,16.3906,2.68982E+18,STAR,0.000246799,yellow
1.23765E+18,162.3536023,-0.429879442,17.46768,15.51855,14.64059,14.21238,13.86848,3.09642E+17,GALAXY,0.0385065,red
1.23765E+18,162.3581306,-0.56013578,19.14289,17.58933,17.22007,16.97656,16.92214,3.09623E+17,GALAXY,0.05014241,red
1.23765E+18,152.3548242,-0.129743707,19.49632,17.59388,16.67482,16.25166,15.95042,3.04056E+17,GALAXY,0.09504843,red
1.23765E+18,152.289487,-0.063071315,19.45274,17.62178,16.68552,16.27155,15.9206,3.04112E+17,GALAXY,0.09546287,red
1.23765E+18,152.381682,-0.040947164,18.45212,16.89779,16.04317,15.65277,15.35365,3.04114E+17,GALAXY,0.09588677,red
1.23765E+18,152.3880113,-0.009528702,19.30342,17.38579,16.42225,15.99919,15.64936,3.04109E+17,GALAXY,0.09656405,red
1.23765E+18,152.4089187,-0.1597434,19.27068,18.5268,18.12876,17.75474,17.72392,3.04055E+17,GALAXY,0.1375496,red
1.23765E+18,152.4326086,-0.052129,18.951,17.08533,16.11569,15.69776,15.33339,3.04125E+17,GALAXY,0.09537001,red
1.23765E+18,152.5672169,-0.074787263,17.89386,16.11245,15.34051,15.00042,14.70411,3.04123E+17,GALAXY,0.09642068,red
1.23765E+18,152.4630107,-0.121920001,18.70498,17.23423,16.5517,16.18321,15.91227,3.04048E+17,GALAXY,0.06256203,red
1.23765E+18,152.505931,-0.197912627,18.99524,17.87855,17.19045,16.82093,16.56422,3.04046E+17,GALAXY,0.1512586,red
1.23765E+18,152.5289809,-0.057700135,18.59652,17.28157,16.71329,16.36005,16.12741,3.04121E+17,GALAXY,0.05838413,red
1.23765E+18,152.7169946,-0.134280382,17.95627,16.46152,15.72164,15.30538,15.0177,3.0404E+17,GALAXY,0.06864782,red
1.23765E+18,152.6749475,-0.127761598,19.04204,17.87724,17.45017,17.21807,17.22886,3.04041E+17,GALAXY,0.05841528,red
1.23765E+18,153.0783934,-0.060261656,17.35868,16.26491,15.91327,15.79312,15.79815,3.04127E+17,STAR,-8.45E-05,yellow
1.23765E+18,153.3642745,-0.029097508,17.88942,16.55713,16.10999,15.9643,15.89903,3.04135E+17,STAR,-0.000145414,yellow
1.23765E+18,153.4742924,-0.154835469,18.73601,16.59921,15.56108,15.12695,14.77491,3.04015E+17,GALAXY,0.098474,red
1.23765E+18,153.3982997,-0.175484773,19.52077,17.50807,16.52395,16.08269,15.73608,3.04158E+17,GALAXY,0.0,red
1.23765E+18,153.4494386,-0.174722052,19.33492,17.25626,16.32616,15.91549,15.54986,3.04026E+17,GALAXY,0.08873131,red
1.23765E+18,153.4961219,-0.081581072,18.18003,16.07295,15.08006,14.62374,14.25727,3.05217E+17,GALAXY,0.09037467,red
1.23765E+18,153.4992653,-0.090523242,19.12968,17.53014,16.70312,16.30732,16.00915,3.04011E+17,GALAXY,0.09169753,red
1.23765E+18,153.5174567,-0.060347679,18.86843,17.42523,16.59959,16.16429,15.83184,3.05214E+17,GALAXY,0.09730428,red
1.23765E+18,153.5243856,-0.127143014,18.68823,17.60337,17.32386,17.12174,17.00394,3.04014E+17,GALAXY,0.0463312,red
1.23765E+18,153.5322459,-0.051038707,19.52407,18.15866,17.44809,17.07915,16.8003,3.04145E+17,GALAXY,0.09289638,red
1.23765E+18,153.6778371,-0.159828151,19.3824,18.43046,18.16253,18.06108,18.0092,4.31346E+18,STAR,3.09E-05,yellow
1.23765E+18,153.6494362,-0.15526035,19.28799,17.44256,16.54024,16.12604,15.78613,3.04004E+17,GALAXY,0.09554408,red
1.23765E+18,153.8345141,-0.129786642,17.90158,16.98052,16.75042,16.65792,16.64194,4.31345E+18,STAR,0.000116237,yellow
1.23765E+18,153.8572373,-0.070510582,19.34353,18.01985,17.20665,16.78012,16.49426,3.05206E+17,GALAXY,0.1442524,red
1.23765E+18,154.0026584,-0.112700988,19.09596,17.07662,16.16983,15.72136,15.34942,3.05192E+17,GALAXY,0.05991426,red
1.23765E+18,154.1217706,-0.026990451,19.44706,18.06446,17.47818,17.14834,16.89766,3.05228E+17,GALAXY,0.1043095,red
1.23765E+18,154.2444222,-0.119017277,19.10702,19.07256,18.79198,18.64582,18.07549,3.05182E+17,QSO,0.3372652,none
1.23765E+18,154.3596352,-0.164217093,19.03104,18.46669,18.11303,18.04101,17.43849,3.05172E+17,QSO,0.3449105,none
1.23765E+18,154.2790993,-0.175661495,18.58894,17.37458,16.94893,16.7297,16.77008,3.05183E+17,GALAXY,0.03401261,red
1.23765E+18,154.386659,-0.073125064,19.40503,17.48724,16.53689,16.08374,15.7189,3.05173E+17,GALAXY,0.0655472,red
1.23765E+18,154.3883821,-0.02924697,19.50942,17.5641,16.60739,16.10064,15.76186,3.05174E+17,QSO,0.06103761,none
1.23765E+18,154.4271495,-0.193461068,19.10797,17.57482,16.77922,16.37828,16.08525,3.05166E+17,GALAXY,0.09604297,red
1.23765E+18,154.4527175,-0.030763014,18.6479,16.66485,15.59894,15.12062,14.85318,3.05165E+17,GALAXY,0.06358586,red
1.23765E+18,154.5355886,-0.084208298,19.23177,17.46849,16.54995,16.02666,15.61895,3.06328E+17,GALAXY,0.0610805,red
1.23765E+18,154.5490428,-0.149462427,19.56517,17.64734,16.72979,16.29004,15.9327,3.05168E+17,GALAXY,0.06397337,red
1.23765E+18,154.618369,-0.070620227,19.35042,17.61593,16.72431,16.21484,15.82124,3.0633E+17,GALAXY,0.06570753,red
1.23765E+18,154.6518352,-0.178075478,18.74892,16.90716,15.95795,15.48473,15.08246,3.06328E+17,GALAXY,0.06359103,red
1.23765E+18,154.7493615,-0.18252079,19.19234,17.33534,16.35525,15.85395,15.51435,3.05162E+17,GALAXY,0.09228784,red
1.23765E+18,154.7959231,-0.153860577,19.09539,18.11292,17.78169,17.65197,17.57892,4.31341E+18,STAR,0.00048925,yellow
1.23765E+18,154.8561628,-0.02990685,18.79426,18.34404,18.25214,18.3229,18.19995,3.0633E+17,QSO,0.8181214,none
1.23765E+18,154.8642837,-0.034539174,18.37732,16.88301,16.28039,15.94014,15.78495,3.05152E+17,GALAXY,0.04713511,red
1.23765E+18,154.9829995,-0.201431597,19.10244,17.63602,16.90735,16.52213,16.25722,3.05151E+17,GALAXY,0.06346736,red
1.23765E+18,155.0158663,-0.113941462,19.18205,17.14069,16.10541,15.68298,15.29503,3.0514E+17,GALAXY,0.1253822,red
1.23765E+18,155.2481467,-0.176081021,18.43279,16.6275,15.71816,15.25928,14.88557,3.05141E+17,GALAXY,0.05594477,red
1.23765E+18,162.6701244,-0.87441191,19.07583,17.58162,16.95899,16.70053,16.53613,2.88119E+18,STAR,0.001075843,yellow
1.23765E+18,162.6764338,-0.976079059,18.15939,16.46312,15.80274,15.57366,15.45408,2.88119E+18,STAR,3.33E-05,yellow
1.23765E+18,162.6854879,-0.880851558,18.72703,17.26665,16.67284,16.44205,16.30302,2.88119E+18,STAR,0.000481111,yellow
1.23765E+18,162.6896786,-0.966709448,18.70255,17.28837,16.6527,16.40006,16.24515,2.88119E+18,STAR,0.000377808,yellow
1.23765E+18,162.7141895,-1.005200603,17.00017,15.58659,15.04507,14.8149,14.70066,2.88118E+18,STAR,0.000494897,yellow
1.23765E+18,162.7158864,-0.903381134,17.97968,16.57929,15.81588,15.38484,15.00796,3.10819E+17,GALAXY,0.03808302,red
1.23765E+18,162.7664195,-0.86051431,17.67043,16.20217,15.636,15.44809,15.32646,2.68978E+18,STAR,0.000152524,yellow
1.23765E+18,162.6520562,-0.923054037,19.47097,17.4802,16.58447,16.17016,15.81771,3.10829E+17,GALAXY,0.06308059,red
1.23765E+18,162.7014703,-0.954627801,19.48088,17.9746,17.34453,17.11736,16.98896,2.68979E+18,STAR,7.34E-05,yellow
1.23765E+18,162.7279612,-0.970882486,19.49037,18.2175,17.42162,16.97952,16.68882,3.10815E+17,GALAXY,0.1156367,red
1.23765E+18,162.7997264,-1.045256905,19.1655,18.07046,18.21098,18.37862,18.57238,2.7123E+18,STAR,0.000592458,yellow
1.23765E+18,162.8093841,-0.973930463,17.61348,16.07891,15.48947,15.28356,15.18689,2.88118E+18,STAR,0.000190312,yellow
1.23765E+18,162.8970504,-1.047254012,17.22627,15.45379,14.81873,14.59723,14.48447,2.68978E+18,STAR,4.71E-05,yellow
1.23765E+18,162.7761506,-0.955235439,19.08307,17.67275,16.96354,16.57325,16.28621,3.10816E+17,GALAXY,0.0597514,red
1.23765E+18,162.8411225,-1.009334504,19.36181,18.16825,17.62504,17.39792,17.29436,2.68978E+18,STAR,0.000488068,yellow
1.23765E+18,162.88697,-1.002880575,17.79835,16.35954,15.67576,15.28575,14.9844,3.10816E+17,GALAXY,0.03730522,red
1.23765E+18,162.9638145,-0.878170696,17.00784,16.07094,15.73836,15.60719,15.55462,2.88118E+18,STAR,0.00071068,yellow
1.23765E+18,162.9643543,-0.854905185,15.92846,15.75834,15.68789,15.79105,15.2599,3.10817E+17,QSO,0.3589468,none
1.23765E+18,162.9797498,-0.893744848,19.30481,18.2557,17.84356,17.56442,17.36537,3.10804E+17,GALAXY,0.0485734,red
1.23765E+18,163.0632234,-0.964998595,17.85959,16.18301,15.56699,15.37634,15.28177,2.88118E+18,STAR,-5.05E-05,yellow
1.23765E+18,163.0620598,-0.95549272,18.42401,16.48616,15.58818,15.16028,14.82537,3.10806E+17,GALAXY,0.04899042,red
1.23765E+18,162.9443796,-0.920007262,19.04675,17.8448,17.28803,16.95378,16.77695,3.10818E+17,GALAXY,0.0823582,red
1.23765E+18,163.0141981,-1.017652731,19.58491,18.57561,17.67808,17.22836,16.93699,3.10804E+17,GALAXY,0.223468,red
1.23765E+18,163.1020174,-0.887508573,17.87044,16.75399,16.34901,16.19393,16.13444,2.88118E+18,STAR,-1.7E-05,yellow
1.23765E+18,163.1626574,-0.943445495,18.98361,17.83656,17.32091,17.11787,17.00929,3.10807E+17,STAR,0.000114978,yellow
1.23765E+18,163.090331,-0.843594812,19.11032,18.06835,17.6618,17.34074,17.25613,3.10809E+17,GALAXY,0.08386619,red
1.23765E+18,163.15046,-0.917234757,18.64009,17.05594,16.25369,15.80932,15.48454,3.10807E+17,GALAXY,0.08434325,red
1.23765E+18,163.1776402,-0.926396752,19.33939,17.72716,16.90447,16.45859,16.14578,3.10808E+17,GALAXY,0.08470514,red
1.23765E+18,163.5929159,-0.906219807,18.56139,16.76052,16.06365,15.81395,15.68069,3.10773E+17,STAR,-2.91E-06,yellow
1.23765E+18,163.6383429,-0.869652162,19.12334,18.21254,17.86785,17.73203,17.68303,4.24712E+18,STAR,0.000758047,yellow
1.23765E+18,163.6794939,-0.87505947,19.13235,17.135,16.20414,15.77855,15.45024,3.10776E+17,GALAXY,0.07515175,red
1.23765E+18,163.9566297,-1.007108565,18.63928,18.40783,18.72516,18.96407,19.11441,4.31784E+18,STAR,-0.000113937,yellow
1.23765E+18,163.834242,-0.943390113,17.92957,16.20432,15.3285,14.84212,14.48557,3.1076E+17,GALAXY,0.0747895,red
1.23765E+18,163.8158989,-0.928110079,18.95534,17.08021,16.13205,15.65296,15.25118,3.10762E+17,GALAXY,0.05176416,red
1.23765E+18,164.0001413,-0.95482227,18.39349,16.53366,15.56921,15.092,14.71846,3.10764E+17,GALAXY,0.07376982,red
1.23765E+18,164.0898765,-0.889000408,18.19049,16.85052,16.12945,15.67529,15.38433,3.10754E+17,GALAXY,0.07545097,red
1.23765E+18,164.1925042,-0.846054732,18.97626,18.03446,17.68962,17.57739,17.52023,4.24714E+18,STAR,4.03E-06,yellow
1.23765E+18,164.1260558,-0.84856516,19.32554,17.3354,16.4046,15.97445,15.63738,3.11957E+17,GALAXY,0.07552451,red
1.23765E+18,164.1523532,-0.990247421,18.85297,17.48134,16.86091,16.48637,16.23463,3.10752E+17,GALAXY,0.05539397,red
1.23765E+18,164.1900122,-0.878395457,18.78915,17.53583,16.91396,16.53786,16.29176,3.10752E+17,GALAXY,0.07356068,red
1.23765E+18,164.2268908,-0.919755342,19.57764,18.62945,18.26413,18.10023,18.02482,4.24715E+18,STAR,6.5E-05,yellow
1.23765E+18,164.3156522,-0.980575149,19.03454,17.84141,17.34953,17.01541,16.87057,3.10754E+17,GALAXY,0.0755645,red
1.23765E+18,164.3616955,-0.880134204,18.93401,17.78166,17.13355,16.73445,16.51227,3.10753E+17,GALAXY,0.0910571,red
1.23765E+18,164.2759011,-0.914477456,19.43435,18.26325,17.79818,17.46311,17.27473,3.11952E+17,GALAXY,0.0750734,red
1.23765E+18,164.6667637,-0.987072205,18.86893,17.77161,17.27226,16.92198,16.76753,3.11942E+17,GALAXY,0.09644709,red
1.23765E+18,221.7576158,0.621696381,19.48781,18.34975,18.32759,18.39081,18.48263,3.30353E+18,STAR,0.000779206,yellow
1.23765E+18,221.7112089,0.468614707,18.61506,17.66902,17.3256,17.07911,16.96687,3.46911E+17,GALAXY,0.055526,red
1.23765E+18,221.7667332,0.479062035,17.68773,16.15192,15.37372,14.9532,14.64231,4.52861E+18,GALAXY,0.05580719,red